file,experiment,configuration,script,records,bytes,sha256
aspm-cpu-package.jsonl,ASPM effect on CPU package power,"272 W, -75 mV, 2200 MHz",bench-aspm-cpu.sh,12,8761,23ac2c9f15839418a99d57cf4b45818cdc8589201d5da0a8bd37aece1b3cc9da
aspm-idle.jsonl,"ASPM at idle, GPU rail","272 W, -75 mV, 2200 MHz",bench-aspm-idle.sh,6,2896,9f08dd9cccfed20979bccabe96dc2b59561179f902609bfcd8fa1ab5fd77c2ca
aspm-perplexity.tsv,Perplexity before and after the ASPM sweep,"272 W, -75 mV, 2200 MHz",bench-aspm.sh,,48,95c27142066138ac067f866fa428dbffdbabaebdb36210ecab86daa6bb12f982
aspm-sweep-early.jsonl,"First ASPM sweep, before the profile was fixed",varied,bench-aspm-early.sh,6,5946,504df3e59453b3bda532b89db3037ae116492cd41d71adc71e82f5a324c126ef
aspm-under-load.jsonl,ASPM default/performance/powersave under decode load,"272 W, -75 mV, 2200 MHz",bench-aspm.sh,12,11928,04afc8d99adefcfa615f4ab7482c7daf141242ca6ef86c4fb155c9447927e97c
clock-cap-sweep.jsonl,Max SCLK 3045 down to 1800 MHz,"272 W, 0 mV",bench-clock-cap.sh,10,9729,f3cd011301b70cd2b509b9e2bcdf3d7f0c5b4f498def2c098c617ab6e0c31b22
concurrency-20260905-monitor.jsonl,1 Hz VRAM and server counters during those runs,"272 W, -75 mV, 2200 MHz",concurrency_collect.py,1446,314710,725f0d7ea2521e3567bc4f1b095641fdc9b136e612cebd93e68ca7d8edefa4af
concurrency-20260905.jsonl,"Three and four concurrent requests at 2 and 3 slots, ctx 147456, kv-unified","272 W, -75 mV, 2200 MHz",concurrency_collect.py,13,4177,9dde5b944fba38a5ffb9c4bce301a92bfeec6ecb02125e7800fe74f81f44da67
context-128k-cache-types.jsonl,KV cache types at 128K on a 92K prompt,"272 W, -75 mV, 2200 MHz",bench-context-65k.sh,4,3971,88e64102570e54f5607f3c9bb0798fcaeb587c4cc92388ab81480804ed1bc0c7
context-128k.jsonl,"Decode and VRAM at 128K context, with and without projector","272 W, -75 mV, 2200 MHz",bench-context.sh,12,15356,34173bd297860c24a70d313c7965884754be2b77dd8b0babd57df26ecd0992a6
context-32k.jsonl,"Parameter sweep at 32K context: p-min, ubatch, reasoning, MMVQ","272 W, -75 mV",bench-context-32k.sh,15,59864,d8bc01e2ae9893c356ea4aba56f574f07cc97e2df51f248081f2e528ab243cc4
display-refresh-idle.jsonl,Idle power at 144 Hz vs 120 Hz,"272 W, -75 mV, 2200 MHz",bench-display-refresh.sh,6,2872,8d6cc0335760f63020667e479cc6ad9a13466423b347207aa698dfc8295b358a
energy-early-soak.jsonl,"Early soak, before the profile was fixed",varied,bench-energy-early.sh,1,8934,0ebc2d5e60abddf5a543385a8a803c54e58d778381a10323d5a1ef01cf0e71a6
energy-early.jsonl,"Early energy measurements, before the profile was fixed",varied,bench-energy-early.sh,11,9352,1d8938a683a80490d5885fdc2a744a644c26e969a1a49285c96bba40e6adc738
gsq-2026-09-config.json,September nine server configurations and export provenance,Recorded args/props; historical driver and GPU profile not recorded,gsq_test_models.py / gsq_full_context.py,9,138399,886ae2dbacece253228e9a035c24817122bcc71fe57912034b77412c7fa2535e
gsq-2026-09-full-context.jsonl,"September GSQ actual 139K/254K input, one request per context","GPU profile not recorded; medium, MTP+ngram, parallel2, one active request",gsq_full_context.py,2,211331,f72d06e3b0a6a196591d45a2752a97b454580000f1fcdc8ad65403a7f3cafd31
gsq-2026-09-mtp.jsonl,"September MTP-only compatibility, two requests per model","GPU profile not recorded; ctx8192, parallel1, medium",gsq_test_models.py --phase mtp,4,25179,cf8e6d06e4e3c03e1fb834f142da36a78a1693846350ff69e88ea09bf357a7f0
gsq-2026-09-perf.jsonl,"September Q4 vs GSQ IQ3_S, 8K/26K input, three repeats per cell","GPU profile not recorded; ctx32768, parallel1, medium, MTP+ngram",gsq_test_models.py --phase perf,24,885031,ebce68df4e79365f6d427c63478818416004897389e6528ff1aeed48c5e63df4
gsq-2026-09-profile.jsonl,"September allocated 147K context with short requests, Q4 vs GSQ","GPU profile not recorded; ctx147456, parallel2, one active request",gsq_test_models.py --phase profile,4,25816,86638d5ca264ca1b76aebec0b4c3323551354d80056f09773094540337c4f122
idle-power.jsonl,Idle GPU power baseline,factory and capped,bench-idle.sh,10,4805,db5617bc4467f165c5e0cda557df2d04fd68862786ee18f2d151059da7ccb929
idle-with-projector.jsonl,Idle power with the vision projector loaded,"272 W, -75 mV, 2200 MHz",bench-idle-projector.sh,6,2860,76d1be3110037355ff626b3c0804694aa7e3b996ec65dd3c8227c4799d9a7764
kv-budget-512-120k.json,"Reasoning budget 512 at 120K, the level at which the budget is actually reached","272 W, -75 mV, 2200 MHz",kv_run_budget.py,16,10574,a82d4b430efb483dda6cd6c93ab816a465abbf5cc77e3d9e950ba0b3faa76cf6
kv-effort-low-120k.json,"Reasoning effort low at 120K, paired with the medium arm of kv-reasoning-120k","272 W, -75 mV, 2200 MHz",kv_run_effort_low.py,64,28559,e492990760b01df0206c2d948b896496ff4a855c7308787ba4ff47154c22aac1
kv-effort-prompt-cache-pilot.json,"What an effort level renders into the prompt, and what changing it costs the prefix cache","272 W, -75 mV, 2200 MHz",kv_pilot_effort.py,2,1500,76dfc5ceba9c0565c6b3c9c77e60d92a4b6d9b92e45dbf2f0792813072769abe
kv-enumerate-turbo4-listfirst.json,"Same test with the list asked first, the pair-order control","272 W, -75 mV, 2200 MHz",kv_run_enumerate.py,32,13211,e8a6bea392b63797072cd366726a5e78d09db1c24b0971445c4387d0c3d30080
kv-enumerate-turbo4.json,"Counting vs enumerating the same scattered entries, 64K and 120K, turbo4 V cache","272 W, -75 mV, 2200 MHz",kv_run_enumerate.py,32,12570,58f40cd0da7fd81388477a7877fdf669e7c92e161e7b523a5387652dc5bce465
kv-longctx-items.json,Questions and answer keys for the long-context set,n/a,kv_gen_longctx.py,24,3610,681ad6c0ef52e924635c33f97ce7b45d3526a5d4ced07eacde70cca180e470f5
kv-longctx-q8.json,"Three-task long-context set at 8K-120K, q8_0 V cache, two passes","272 W, -75 mV, 2200 MHz",kv_run_longctx.py,192,33212,315321be7f521cd8f31d7d947585148f84eb50df47ac969ebcc0634bee734691
kv-longctx-turbo4.json,"Three-task long-context set at 8K-120K, turbo4 V cache, two passes","272 W, -75 mV, 2200 MHz",kv_run_longctx.py,192,33234,85dd8ca40195917ed89559947b102d17235a8ee8ce6d982b71b96cb6c42b5175
kv-needles-turbo4.json,"160-cell needle matrix, turbo4 V cache, ceiling result","272 W, -75 mV, 2200 MHz",kv_run_needles.py,160,20436,fe0a420d8c6e78052324a86e24754b0d02e27f97222591c6eda35b17f9a62ab4
kv-nexttoken-q8.json,"Next-token distributions at 8K-120K, q8_0 V cache, ctx 131072","272 W, -75 mV, 2200 MHz",kv_run_nexttoken.py,9,14516,ed99d5933685d742fbc7676250ac1525fdc0e5939fd528eabe6b234d47af336d
kv-nexttoken-turbo4.json,"Next-token distributions at 8K-120K, turbo4 V cache, ctx 131072","272 W, -75 mV, 2200 MHz",kv_run_nexttoken.py,9,14556,c7b737a3771a587606a4ab6c055f6ba2e0941a8828e05bbd21ac3c5eb8ff4bd4
kv-reasoning-120k.json,"Reasoning on vs off at 120K on the shipped profile, counting and two-hop","272 W, -75 mV, 2200 MHz",kv_run_reasoning.py,128,40698,3b6453900ee6e992d5c23356ba8d0398e8446ab38eb8a29d8ab837a53d7b7e93
kv-repeat-q8-64k.json,"Four recomputes of one 64K prompt, q8_0 V cache","272 W, -75 mV, 2200 MHz",kv_run_repeat.py,4,5479,20a8a8a3eb0267a32ace8499c2e88173bffb63b5defe32eee5af2c9eb2b1e053
kv-repeat-turbo4-64k.json,"Four recomputes of one 64K prompt, turbo4 V cache","272 W, -75 mV, 2200 MHz",kv_run_repeat.py,4,5524,447b43a05a9bdf81298f731576c9bf7d0281ba8a5e34d53de47ee890bf7a9e94
kv-startup-128k.log,"Startup and prefill timing lines behind the memory figures, both cache types","272 W, -75 mV, 2200 MHz",srv-kv-128k.sh,,31761,caeae08dc59d8703c797b03e4768587ea51da1989a4cec4559d01d01e59737fa
kv-vision-q8.json,"Three image tasks, q8_0 V cache, ctx 131072","272 W, -75 mV, 2200 MHz",kv_run_vision.py,3,543,d475aad6c284684a8e4d2313fae8e146cd04b7f64c87a3569ce261d62cc01c5a
kv-vision-turbo4.json,"Three image tasks, turbo4 V cache, ctx 131072","272 W, -75 mV, 2200 MHz",kv_run_vision.py,3,547,028159ecaaa718405517f12b7b7c91f1545fd4ef09d68cce8fe5c4d99b873ce5
multiturn-contents.jsonl,Per-turn output of the multi-turn session,"272 W, -75 mV, 2200 MHz",bench-multiturn.sh,3,8358,6be3f1b1fcced82b26b9afe5bc4d13c22da9185ef834639b6c63723627e7f990
multiturn-session.jsonl,"Ten-turn session, replayed transcript","272 W, -75 mV, 2200 MHz",bench-multiturn.sh,17,47821,da0fed2aeb9823627e35c59ac052380c424ea0969d9eb2c50e7548157476af04
perplexity-chunks.txt,"Per-chunk perplexity, wikitext-2 test split",factory,bench-idle.sh,,6188,031372c19798b9f219aebd13ed4b5a3fc546f4a0ca11c8f8eedca73769f3ce10
power-cap-sweep.jsonl,Power cap 303 / 288 / 272 W under decode load,"0 mV, unrestricted clock",bench-power-cap.sh,8,7738,3c933b9e2442a0e526c0f94328d8f14b3bb98f06540d30575027047a0c055f69
profile-combinations.jsonl,"Cap, clock and offset combinations",varied,bench-profile-combinations.sh,2,2076,8d2c0fb65cdb95b5fcd15f1c05374fcbe905702ea408f819e8c681e2ef7c102c
profile-final.jsonl,Confirmation run of the chosen profile,"272 W, -75 mV, 2200 MHz",bench-profile-final.sh,4,4097,f1b40e6f158ea4469060d8c24e18e44ea1c0111b38af412e35d058fd234f9302
projector-q8-vs-bf16.jsonl,Three image tasks against Q8_0 and BF16 projectors,"272 W, -75 mV, 2200 MHz",bench-projector.sh,9,7169,b9eeb9894a61baf57e39f3516ed927eb88efae6a543eaafaa35c1296eab79005
quality-keyed-hard.jsonl,Harder keyed variant of the same corpus,"272 W, -75 mV, 2200 MHz",bench-quality.sh,60,77430,517c7a3cc4f0a64f1b7bd83c2894143b2b17d886d7387fd1edaebf65f8a5d45a
quality-keyed.jsonl,22 keyed retrieval tasks over a 50K corpus,"272 W, -75 mV, 2200 MHz",bench-quality.sh,72,75363,68584fc4886051010b7f135726bec95dbc51a22826eb68fa54de360f6d34cbb6
quality-keys-hard.json,Answer keys for the harder keyed tasks,n/a,gen_quality_corpus_hard.py,10,1779,6121fadd375be07a31c58eecb81f8149500b37b458e85cbf7f86715a876fabc4
quality-keys.json,Answer keys for the keyed retrieval tasks,n/a,gen_quality_corpus.py,12,1690,d32237422eba6af4c17f4f74c253cebe278a5239bf349eaf8f916f9720e9d2e3
reasoning-energy-hard.jsonl,The same on a question that generates far more,"272 W, -75 mV",bench-reasoning-energy-hard.sh,4,3973,bf5de2dd92b1d37f2de879c7de58f09641225ea32c6a6fc34f2e9e59c90d7e04
reasoning-energy-per-answer.jsonl,Energy to answer one question at reasoning off / medium,"272 W, -75 mV",bench-reasoning-energy.sh,6,6014,dee3a3c23105865b87b2486552de8f0533260bd892ce4942ee98fddccaa42dbc
reference-sequence-ngram.json,Reference output-hash sequence the gate compares against,"272 W, -75 mV, 2200 MHz, ngram-map-k",soak-and-output-gate.sh,70,1120,c189e1169d3984aa788946dc99cf1c81514390a7df5b5435af5b5cfa6d3aa1e0
reference-sequence-nospec.json,Reference output-hash sequence the gate compares against,"272 W, -75 mV, 2200 MHz, no speculation",soak-and-output-gate.sh,6,96,da7f984257d17099b8e1dc757c10a61e8ccb6b377f50930e38810bc988a4eac7
single-shot.jsonl,"Single-request decode, n-gram on and off","272 W, -75 mV, 2200 MHz",bench-speculation.sh,12,12524,fa0ab2aa52a0c03cb36d935c0aae14d0391e2b59e74dfde9929b24372872525a
soak-efficient-ngram-runs.jsonl,"30 min soak, per-request records and output hashes","272 W, -75 mV, 2200 MHz, ngram-map-k",soak-and-output-gate.sh,2,33873,4a897b44727b82e1cf1439d50f607d5470d2457379cb98a513bd25c51cea7079
soak-efficient-ngram.log,"30 min soak, console log from the superseded gate","272 W, -75 mV, 2200 MHz, ngram-map-k",soak-and-output-gate.sh,,2100,d9d5b3a990e2eab662f15dbff53adba8c951aa63b31c4f97c1a58237b03f0255
soak-efficient-nospec-runs.jsonl,"30 min soak, per-request records and output hashes","272 W, -75 mV, 2200 MHz, no speculation",soak-and-output-gate.sh,2,6500,22cee8896cf047d1c9dd90a5b6e1c91e92d773f4ff2011e37e9e9cebb270b519
soak-efficient-nospec.log,"30 min soak, console log from the superseded gate","272 W, -75 mV, 2200 MHz, no speculation",soak-and-output-gate.sh,,1196,599ef71ab6693020d17ad34ac3e0989b6dc8369015545e2cc07d8b678b6ec3dc
spec-mtp-early.jsonl,First MTP measurements,"303 W, 0 mV",bench-context-32k.sh,19,72449,a0a87aa63c308b2aafa45056318b7004d0d020b760c8552e180b2318a0d41918
spec-variants-paired.jsonl,"Same variants run twice, hashes compared position by position","303 W, 0 mV, auto clock",bench-spec-variants.sh,8,8518,128c724c7415d3dcb168a64098c1ab7808c3123699ca309ef19bf5921a9180ff
spec-vs-none.jsonl,"Speculative decoding variants, 20K prompt","303 W, 0 mV, auto clock",bench-speculation.sh,6,25974,ad1702b00aa8109163f5897af54f9ce0d55cceba42b917babe2fbf5e87d25b29
stock-303w-soak.jsonl,Soak at factory settings,"303 W, 0 mV, unrestricted clock",bench-stock-303w.sh,1,27421,09ef62cff672da34ce46048fdeefd3fa136b091ec816969c797e100ccda8207b
stock-303w.jsonl,Loaded reference run at factory settings,"303 W, 0 mV, unrestricted clock",bench-stock-303w.sh,2,2132,2ea9c8feb42c163e1ebe8b44433e2742fc9d7483202d99bf9c34bf82f95ceefa
undervolt-clamp-vddgfx.tsv,"Applied VDDGFX at -75 vs -200 mV, with and without the clock cap",272 W,bench-undervolt-clamp.sh,,285,e267c8147339c2e483fb9eba313695f968ff274452c5ffd08009085d5d2b2ec4
undervolt-sweep-capped.jsonl,"Voltage offset -100 to -200 mV, showing the clamp","272 W, 2200 MHz",bench-undervolt-capped.sh,10,10391,ee83f92498d2aac75c6601f2fc2587ee7582b32e184f84c37332a0372978b90c
undervolt-sweep.jsonl,Voltage offset 0 to -125 mV,"272 W, unrestricted clock",bench-undervolt-capped.sh,14,14054,d141d7678faf6dd59206266626346b12f52f10102561a654383edea14d73fd81
vision.jsonl,"Vision prompts, Q8_0 vs BF16 projector","272 W, -75 mV, 2200 MHz",bench-speculation.sh,6,9337,cbddfa1d14fe1b391d41a465f76407dce2e9373a29603db23dce6ee3ef082207
